<?xml version="1.0" encoding="UTF-8"?>

<mule xmlns:file="http://www.mulesoft.org/schema/mule/file" xmlns:dw="http://www.mulesoft.org/schema/mule/ee/dw" xmlns:metadata="http://www.mulesoft.org/schema/mule/metadata" xmlns:http="http://www.mulesoft.org/schema/mule/http" xmlns:sfdc="http://www.mulesoft.org/schema/mule/sfdc" xmlns:tracking="http://www.mulesoft.org/schema/mule/ee/tracking" xmlns="http://www.mulesoft.org/schema/mule/core" xmlns:doc="http://www.mulesoft.org/schema/mule/documentation"
	xmlns:spring="http://www.springframework.org/schema/beans" 
	xmlns:xsi="http://www.w3.org/2001/XMLSchema-instance"
	xsi:schemaLocation="http://www.springframework.org/schema/beans http://www.springframework.org/schema/beans/spring-beans-current.xsd
http://www.mulesoft.org/schema/mule/core http://www.mulesoft.org/schema/mule/core/current/mule.xsd
http://www.mulesoft.org/schema/mule/http http://www.mulesoft.org/schema/mule/http/current/mule-http.xsd
http://www.mulesoft.org/schema/mule/sfdc http://www.mulesoft.org/schema/mule/sfdc/current/mule-sfdc.xsd
http://www.mulesoft.org/schema/mule/ee/tracking http://www.mulesoft.org/schema/mule/ee/tracking/current/mule-tracking-ee.xsd
http://www.mulesoft.org/schema/mule/file http://www.mulesoft.org/schema/mule/file/current/mule-file.xsd
http://www.mulesoft.org/schema/mule/ee/dw http://www.mulesoft.org/schema/mule/ee/dw/current/dw.xsd">
    <http:listener-config name="HTTP_Listener_Configuration" host="localhost" port="8394" doc:name="HTTP Listener Configuration"/>
    <sfdc:config name="Salesforce__Basic_Authentication" username="swathi@siliconintegra.com" password="sw@thisiva45" securityToken="LEGbw07YUm8FgATLQoISMsol" doc:name="Salesforce: Basic Authentication"/>
    <flow name="content_based_routerFlow">
        <http:listener config-ref="HTTP_Listener_Configuration" path="/content" doc:name="HTTP"/>
        <set-variable variableName="Id" value="#[message.inboundProperties.'http.query.params'.Id]" doc:name="Variable"/>
        <choice doc:name="Choice">
            <when expression="#[flowVars.Id=='1']">
                <dw:transform-message doc:name="Transform Message" metadata:id="5b96d8a5-1ef4-4551-b9c6-5447783d03b6">
                    <dw:input-payload doc:sample="C:\Users\SIVA\Desktop\contacts\accounts1.json" mimeType="application/json"/>
                    <dw:set-payload><![CDATA[%dw 1.0
%output application/java
---
[{
	Name: payload.Name,
	BillingStreet: payload.BillingStreet,
	BillingCity: payload.BillingCity,
	BillingState: payload.BillingState,
	BillingPostalCode: payload.BillingPostalCode,
	BillingCountry: payload.BillingCountry,
	Phone: payload.Phone,
	AccountNumber: payload.AccountNumber
}]]]></dw:set-payload>
                </dw:transform-message>
                <sfdc:create config-ref="Salesforce__Basic_Authentication" type="Account" doc:name="Salesforce">
                    <sfdc:objects ref="#[payload]"/>
                </sfdc:create>
                <set-payload value="data inserted into salesforce" doc:name="Set Payload"/>
            </when>
            <when expression="#[flowVars.Id=='2']">
                <file:outbound-endpoint path="src/main/resources/out" responseTimeout="10000" doc:name="File"/>
                <set-payload value="data moved to file location" doc:name="Set Payload"/>
            </when>
            <otherwise>
                <set-payload value="no route found" doc:name="Set Payload"/>
            </otherwise>
        </choice>
    </flow>
</mule>
